impurity_id,name,size_vs_product,intro_stream,clearance_model,cleared_by,matrix_key,provenance,source_key,notes
IMP-N1,Block-internal n-1 / n+1,~1 nt in ~21 (~5%),S04,block_floor,not by size or charge,Block-internal n-1,inference,SRC-NATCOMM-2024,"Floored at the blocks: no filtration mode removes a single-nucleotide deletion, so the DS full-length ceiling is purity_floor() (EQ-PURITY, P-BLOCK-PUR). ~5% fragment-internal carry-through observed (SRC-NATCOMM-2024). See Q-011."
IMP-BLOCK,Unreacted blocks and partial ligation products,a whole block (3-10 nt),S04,block_clearable,UF/DF (whole-block size difference),Unreacted blocks / partials,assumption,SRC-NOURAFKAN-2024,"Introduced at ligation ~ (1 - P-LIG-CONV); differ from product by a whole block, so UF/DF clears them, but no oligo-specific clearance number exists - carried as a gap. See Q-036, R-011."
IMP-APPN,Adenylylated dead-end (AppN),~1 residue on the 5'-donor,S04,designed_out,control at the reaction (not filterable),Adenylylated dead-end,fact,SRC-ALMAC-2023,"Observed as the [+AMP] by-product in fully modified siRNA blockmer ligation; the fix is to restage the reaction, not to remove it downstream (R-010). ATP requirement vs suppression ceiling tension: Q-040."
IMP-SOLUTES,ATP / AMP / PPi / monovalent salts,<< 1 kDa,S04,diafiltration,diafiltration (EQ-DIAF),ATP / AMP / PPi,fact,SRC-PALL-TFF,"The diafiltration workhorse: cleared to a residual of exp(-N) at N = P-DF-DIAVOL diavolumes with sieving ~1 (EQ-DIAF, SRC-PALL-TFF). See Q-020."
IMP-DIVALENT,Divalent cations (Mg2+ / Ca2+),<< 1 kDa but charge-bound,S04,gap,not reliably (bind the polyanion),Divalent cations,fact,SRC-GRONKE-2023,"Bind the polyanion and resist diafiltration; residual is a gap (R-014). The ligation buffer carries MgCl2 (BUF-LIG)."
IMP-LIGASE,Ligase protein,larger than the strand,S04,gap,immobilise the enzyme + clarify (U02),Ligase protein,assumption,SRC-CODEXIS,"Removed by clarification/centrifugation only if the enzyme is immobilised; no residual-protein clearance (ppm or log) number exists (R-002, Q-032)."
IMP-SPLINT,Splint oligo,same chemistry as product,S04,designed_out,designed out (complementary strand is the splint),Splint oligo,fact,SRC-HONGENE,"For siRNA the complementary product strand acts as the splint, so there is nothing foreign to remove (R-006)."
IMP-ENDOTOXIN,Endotoxin (LPS micelles),"~10^3 kDa, co-retained",S04,gap,adsorber (unproven for oligo),Endotoxin,fact,SRC-DEVRIES-2018,"Co-retained with product by UF; an adsorber alone left 641 EU/mg against a competing polyanion (R-007). Residual is a gap and the DS limit is dose-derived (Q-037)."
IMP-PARTIC,Aggregates / particulates / bioburden,> 0.2 um,S04,particulate,0.2 um / depth filtration,Aggregates / particulates / bioburden,fact,SRC-PMC7415879,"Cleared by depth and 0.2 um filtration; the bioburden target is <1 CFU/mL at DS (SRC-PMC7415879). See Q-037."
