need_id,need,category,anchor_source_key,anchor_clause,anchor_strength,disposition,point_argument,satisfied_by,owner,provenance,gap_ref,notes
IN-001,"The critical process parameters of the ligation step, and a range for each",process_description,SRC-ICH-Q11,section 4 and s3.2,generic_anchor,bracketed_evidence,,ENV-004;ENV-005;P-LIG-T;P-LIG-TIME;P-LIG-INACT-T,process,inference,Q-010;Q-050;Q-062,"GENERIC ANCHOR. The CATEGORY of information is demanded by a clause that can be quoted; the ENZYME-SPECIFIC instantiation below it is this project's inference. The measure of the gap is blunt: 'enzym' and 'biocatal' each return ZERO hits across the whole of ICH Q11 (30 pages) and ICH Q7 (49 pages), and the only oligonucleotide-specific guideline of any status expressly declines the route - EMA oligo s4.2.2, verbatim, 'alternative synthesis methods (e.g., liquid synthesis, enzymatic synthesis) could be used. However, at the time the guideline was written these methods were considered too premature to be included.' THAT DOCUMENT IS A DRAFT AND NOT IN FORCE: consultation closed 31 January 2025 and it has not been finalised (SRC-EMA-OLIGO-2024, and this register's own source row says so). An earlier version of this note called it in-force, which was wrong and is corrected - a draft anchors nothing, and treating one as a requirement is the opposite of the caution this column exists to enforce (Q-070). So no regulator has specified an enzymatic ligation step, and this row must not read as though one had. What this project supplies is a set of evidence bands with each endpoint separately cited and scale-tagged (envelopes.csv), plus an explicit refusal to band two variables whose endpoints do not support one. It is NOT a design space and not a proven acceptable range."
IN-002,"A statement of what KIND of range each band is, and of what is not being claimed",regulatory_framing,SRC-ICH-Q8R2,s2.4.5 and Annex s4 glossary,direct,point_justified,"A determinate answer exists and does not need a range, because the answer is a VOCABULARY rather than a measurement. gen/dataio.py declares five range kinds; the two that are ICH terms of art - proven_acceptable_range and design_space - are deliberately EMPTY and no row in this repository claims either. That emptiness is the justified point: nothing here has been 'demonstrated to provide assurance of quality' and nothing was characterised by us, so claiming either term would be an over-claim of exactly the kind Q-053 guards against in the instrument register. SRC-ICH-QA-R5 chapter 2.1 shows that ICH contemplates different aspects of one process being described by different kinds of range, verbatim: 'The applicant may elect to use proven acceptable ranges or design space for different aspects of the manufacturing process.' BE PRECISE ABOUT WHAT THAT DOES AND DOES NOT LICENSE, because the first version of this row overstated it: that sentence answers whether a set of proven acceptable ranges is itself a design space, and it licenses electing between TWO ICH constructs. It says nothing about adding three of our own. The three project-coined kinds - evidence, argued, design_intent - are OURS, are labelled as ours in gen/dataio.py, and are defensible on their own terms precisely because they make no regulatory claim; they are not licensed by that clause and are not presented as though they were.",ENV-013;ENV-012,quality,fact,,"DIRECT ANCHOR, and the only row in this checklist where ICH speaks to exactly the thing being done. s2.4.5 verbatim: 'A combination of proven acceptable ranges does not constitute a design space.' That sentence is why the stack of bands in this repository is never presented as one. The glossary supplies the other half, verbatim: a proven acceptable range is characterised 'while keeping other parameters constant', i.e. univariate BY DEFINITION - which is also why couplings.csv exists, since a set of univariate bands cannot express a corner that two parameters make unreachable together."
IN-003,The ligation reaction temperature and its justification,process_parameter,SRC-ICH-Q7,s18.33,generic_anchor,not_knowable,,P-LIG-T;CPL-004,process,inference,Q-050;Q-059;Q-062,"GENERIC ANCHOR. The CATEGORY of information is demanded by a clause that can be quoted; the ENZYME-SPECIFIC instantiation below it is this project's inference. The measure of the gap is blunt: 'enzym' and 'biocatal' each return ZERO hits across the whole of ICH Q11 (30 pages) and ICH Q7 (49 pages), and the only oligonucleotide-specific guideline of any status expressly declines the route - EMA oligo s4.2.2, verbatim, 'alternative synthesis methods (e.g., liquid synthesis, enzymatic synthesis) could be used. However, at the time the guideline was written these methods were considered too premature to be included.' THAT DOCUMENT IS A DRAFT AND NOT IN FORCE: consultation closed 31 January 2025 and it has not been finalised (SRC-EMA-OLIGO-2024, and this register's own source row says so). An earlier version of this note called it in-force, which was wrong and is corrected - a draft anchors nothing, and treating one as a requirement is the opposite of the caution this column exists to enforce (Q-070). So no regulator has specified an enzymatic ligation step, and this row must not read as though one had. NOT KNOWABLE FROM THE PUBLIC RECORD, and the reason is sharper than absence: 25 C, the value this register carried, is a temperature at which two of three exemplified chemistries produced NO full-length product. No range is written because the retrieved temperatures are a mix of successes and failures across three enzymes, which is not a band. The upper bound is set by enzyme stability rather than by the duplex (CPL-004) and that figure is unregistered because its document could not be retrieved. Note s18.33 is itself scoped by its own heading to cell-culture and fermentation APIs, which ours is not - Q-062."
IN-004,The ligation hold time or the endpoint criterion that replaces it,process_parameter,SRC-ICH-Q11,section 4,generic_anchor,bracketed_evidence,,ENV-004;C-005;P-LIG-TIME,process,assumption,Q-010;Q-067,"GENERIC ANCHOR. The CATEGORY of information is demanded by a clause that can be quoted; the ENZYME-SPECIFIC instantiation below it is this project's inference. The measure of the gap is blunt: 'enzym' and 'biocatal' each return ZERO hits across the whole of ICH Q11 (30 pages) and ICH Q7 (49 pages), and the only oligonucleotide-specific guideline of any status expressly declines the route - EMA oligo s4.2.2, verbatim, 'alternative synthesis methods (e.g., liquid synthesis, enzymatic synthesis) could be used. However, at the time the guideline was written these methods were considered too premature to be included.' THAT DOCUMENT IS A DRAFT AND NOT IN FORCE: consultation closed 31 January 2025 and it has not been finalised (SRC-EMA-OLIGO-2024, and this register's own source row says so). An earlier version of this note called it in-force, which was wrong and is corrected - a draft anchors nothing, and treating one as a requirement is the opposite of the caution this column exists to enforce (Q-070). So no regulator has specified an enzymatic ligation step, and this row must not read as though one had. Supplied as a band, and the band is labelled as the weakest in the register: one verified measurement plus one endpoint whose document was not re-read, on enzymes 26 C apart and on different backbones. The CONTROL is stronger than the parameter - the reaction is held to a conversion endpoint rather than to a clock, and that endpoint is demonstrably measurable on our exact buffer in 12.5 minutes. What is missing is the metrology around it: no limit of quantitation, no precision, no stopping rule (Q-067)."
IN-005,"The reaction concentration, which sizes the reactor",process_parameter,SRC-ICH-Q11,section 4,generic_anchor,not_knowable,,ENV-006;P-LIG-SEG-CONC;P-CONC-LIG;CPL-003,process,assumption,Q-064;Q-016;Q-066,"GENERIC ANCHOR. The CATEGORY of information is demanded by a clause that can be quoted; the ENZYME-SPECIFIC instantiation below it is this project's inference. The measure of the gap is blunt: 'enzym' and 'biocatal' each return ZERO hits across the whole of ICH Q11 (30 pages) and ICH Q7 (49 pages), and the only oligonucleotide-specific guideline of any status expressly declines the route - EMA oligo s4.2.2, verbatim, 'alternative synthesis methods (e.g., liquid synthesis, enzymatic synthesis) could be used. However, at the time the guideline was written these methods were considered too premature to be included.' THAT DOCUMENT IS A DRAFT AND NOT IN FORCE: consultation closed 31 January 2025 and it has not been finalised (SRC-EMA-OLIGO-2024, and this register's own source row says so). An earlier version of this note called it in-force, which was wrong and is corrected - a draft anchors nothing, and treating one as a requirement is the opposite of the caution this column exists to enforce (Q-070). So no regulator has specified an enzymatic ligation step, and this row must not read as though one had. NOT KNOWABLE, and this is the row where refusing to invent costs the most, because concentration is the single strongest lever on vessel size. The apparent 1.5-10 mM bracket is a SUCCESS point and a FAILURE point with a 6.7x void between them, so it is not a range at any width (ENV-006). The product-side figure the balance reads, P-CONC-LIG, is an upper BOUND on titre rather than a titre - the paper it comes from contains exactly one percent sign, in '100% v/v methanol' - so the vessel it implies is a floor."
IN-006,"The cofactor charge: ATP, and the divalent cation it competes with",process_parameter,SRC-ICH-Q11,section 4,generic_anchor,not_knowable,,P-LIG-ATP;CPL-001;CPL-002;BUF-LIG,process,assumption,Q-040,"GENERIC ANCHOR. The CATEGORY of information is demanded by a clause that can be quoted; the ENZYME-SPECIFIC instantiation below it is this project's inference. The measure of the gap is blunt: 'enzym' and 'biocatal' each return ZERO hits across the whole of ICH Q11 (30 pages) and ICH Q7 (49 pages), and the only oligonucleotide-specific guideline of any status expressly declines the route - EMA oligo s4.2.2, verbatim, 'alternative synthesis methods (e.g., liquid synthesis, enzymatic synthesis) could be used. However, at the time the guideline was written these methods were considered too premature to be included.' THAT DOCUMENT IS A DRAFT AND NOT IN FORCE: consultation closed 31 January 2025 and it has not been finalised (SRC-EMA-OLIGO-2024, and this register's own source row says so). An earlier version of this note called it in-force, which was wrong and is corrected - a draft anchors nothing, and treating one as a requirement is the opposite of the caution this column exists to enforce (Q-070). So no regulator has specified an enzymatic ligation step, and this row must not read as though one had. NOT KNOWABLE as a setpoint, but the shape of the constraint is now right where it was previously overstated. The opposition between the ATP a multi-junction assembly needs and the ATP that suppresses the adenylylated dead end is real (CPL-001); the claim that the feasible window is EMPTY is not, and is withdrawn - the document cited for the high bound teaches sub-stoichiometric ATP with regeneration in the same text. The second coupling is the one that reaches the plant: ATP chelates magnesium about one for one, so the charge propagates into the diafiltration load through the species that does not diafilter (CPL-002, R-014)."
IN-007,"The identity, form and origin of the enzyme used in the process",materials,SRC-EMA-CHEM-AS-2026,s4.2.3,direct,not_knowable,,P-LIG-ENZ-LOAD;ENV-007;ENV-008;ENV-009,process,inference,Q-050;Q-063,"DIRECT ANCHOR - the only directly worded enzyme requirement found in any in-force guideline, and it is three weeks old. EMA/CHMP/QWP/49484/2026 s4.2.3, verbatim: 'For enzymes used in the process, the origin (recombinant, animal or herbal origin) should be indicated and the possibility of specific impurities from the reaction to the final substance should be discussed.' NOT KNOWABLE HERE because the enzyme is not chosen: form is open between purified, cell-free extract and immobilised (Q-050), and the three candidate loadings are in units that do not convert into one another (ENV-007 to ENV-009). You cannot state the origin of an enzyme you have not selected. SCOPE CAVEAT ON THE ANCHOR ITSELF, which is why the direct anchor is not the end of the argument: that guideline's s2 excludes biological and biotechnological products and the word 'oligonucleotide' appears zero times in it, so its reach over an enzymatically assembled synthetic oligonucleotide is arguable (Q-063)."
IN-008,A discussion of impurities the enzymatic reaction itself introduces,impurities,SRC-EMA-CHEM-AS-2026,s4.2.3,direct,bracketed_argument,,IMP-APPN;IMP-LIGASE;C-007;R-010,quality,inference,Q-040;Q-063,"DIRECT ANCHOR, same clause as IN-007: 'the possibility of specific impurities from the reaction to the final substance should be discussed.' PARTLY ANSWERED, AND BY ARGUMENT RATHER THAN MEASUREMENT. The reaction-specific impurity is identified in exactly this chemistry - the adenylylated dead end, observed as the [+AMP] by-product - and the argument that it cannot be cleared downstream is a sound one from its mass difference of about 329 Da. What cannot be supplied is a QUANTITY: the species can be detected and identified but not quantified against a specification, because no reference standard exists and the deconvolution runs in a matrix supplying 100 mM potassium and 10 mM magnesium straight into the adduct envelope. One correction worth recording: mass RESOLUTION is not the barrier - 329 Da on a 14 kDa duplex needs a resolving power of about 43, which is trivial - so any claim that the instrument cannot see it should be struck, while C-007's statement that no control is defined must not be softened."
IN-009,An acceptance criterion for residual enzyme protein in the drug substance,specification,SRC-ICH-Q6B,s6.2.1(c),generic_anchor,not_knowable,,P-ENZ-CLEARANCE-LRV;IMP-LIGASE;C-011;C-012,quality,inference,Q-060;Q-032,"GENERIC ANCHOR of a particular kind: the clause is precise and quotable but it is written for products that ARE proteins. s6.2.1(c) verbatim: 'Downstream-derived impurities include, but are not limited to, enzymes, chemical and biochemical processing reagents ..., inorganic salts ..., solvents, carriers, ligands ..., and other leachables.' So ICH's taxonomy does classify a residual ligase - and an immobilised carrier's leachate - as process-related impurities, which is why the immobilised branch changes the species list rather than escaping the duty. NOT KNOWABLE: no limit exists. The EU oligonucleotide guideline omits protein entirely ('protein' occurs zero times in all 27 pages) and the thresholds it offers are small-molecule routes, leaving only its own verbatim fallback, 'be toxicologically qualified'. The frequently quoted USP '<1 to 100 ng/mg' band is REFUSED here: it is a protein impurity in a protein product, and ours is the inverted case (Q-060)."
IN-010,A demonstration that the process clears the residual enzyme,clearance,SRC-ICH-Q6B,s6.2.1(a),generic_anchor,not_knowable,,P-ENZ-CLEARANCE-LRV;C-011;C-012;R-002,process,inference,Q-032;Q-060;Q-050,"READ THE ANCHOR PRECISELY, BECAUSE THE OBVIOUS READING IS WRONG AND WOULD FLATTER US. s6.2.1(a) does license a substitution, verbatim: 'Clearance studies, which could include spiking experiments at the laboratory scale, to demonstrate the removal of cell substrate-derived impurities such as nucleic acids and host cell proteins may sometimes be used to eliminate the need for establishing acceptance criteria for these impurities.' But it sits in sub-paragraph (a), CELL SUBSTRATE-DERIVED, and a deliberately added ligase is a (c) impurity; sub-paragraph (c) carries no equivalent licence. So the argument shape a chromatography-free route needs is an ARGUMENT BY ANALOGY THIS PROJECT WOULD HAVE TO DEFEND, not an ICH permission, and it is written in exactly those terms. NOT KNOWABLE: no log-reduction figure exists for either branch. Worse, size-based ultrafiltration cannot supply one - the enzymes are 2.0 to 5.4 times the product mass against a rule of thumb demanding tenfold, so a membrane chosen to retain the duplex retains the ligase harder. That is 0 log, and it is the point at which the filtration-only thesis needs a different mechanism: proteolysis first would MANUFACTURE the mass gap, at the cost of making the protease the next residual protein."
IN-011,An analytical procedure capable of measuring residual enzyme in this matrix,analytical,SRC-USP-1132,s3.2.1.3,generic_anchor,not_knowable,,I-016,analytical,inference,Q-061;Q-060,"GENERIC ANCHOR: the chapter is about host cell protein in a protein product, so its methods are developed for the inverse of our problem - but it is the document that disqualifies the obvious approach in writing, verbatim, that A280 'may also be used although it is less specific for protein (e.g., nucleic acids will also be measured)'. Our product IS the nucleic acid. NOT KNOWABLE, and the claim is bounded: every DIRECT-INJECTION total-protein method is excluded for a separately sourced reason, including Ph. Eur. 2.5.33 Method 6, which excludes our buffer BY NAME. That survey does NOT cover routes that enrich or clean up before measuring - size-exclusion or anion-exchange depletion, protein precipitation, amino-acid analysis after hydrolysis, intrinsic fluorescence - so 'no method works' would overstate it; what is established is that no direct assay works and that no method of any kind has been demonstrated in a 15 g/L modified-duplex matrix. The candidate route is a peptide-based HPLC-MS/MS approach that USP <1132> discusses, and it is an APPROACH rather than a compendial procedure - the chapter number, method letter and sensitivity figure previously carried here were not verifiable and are withdrawn. It is gated on Q-050 exactly as an immunoassay is, because it needs an analytical standard of the impurity protein. So the gap is two-deep - no limit and no method - and the halves have different owners (Q-060, Q-061)."
IN-012,The composition of the reaction buffer,materials,SRC-EMA-OLIGO-2024,s4.2.2,generic_anchor,point_justified,"A recipe is not a variable, so a range would be a category error: the composition is a determinate set of charges and it is stated verbatim in a source this register already marked read in full - 50 mM Tris-HCl at pH 7.5, 100 mM KCl, 10 mM MgCl2 and 1 mM DTT. The one component that IS a variable, ATP, is excluded from this point and carried separately, because its value is contested (IN-006, Q-040). That split is the justification: what is fixed is given as a point, what is contested is given as a coupling.",BUF-LIG,process,fact,Q-040,"GENERIC ANCHOR. The CATEGORY of information is demanded by a clause that can be quoted; the ENZYME-SPECIFIC instantiation below it is this project's inference. The measure of the gap is blunt: 'enzym' and 'biocatal' each return ZERO hits across the whole of ICH Q11 (30 pages) and ICH Q7 (49 pages), and the only oligonucleotide-specific guideline of any status expressly declines the route - EMA oligo s4.2.2, verbatim, 'alternative synthesis methods (e.g., liquid synthesis, enzymatic synthesis) could be used. However, at the time the guideline was written these methods were considered too premature to be included.' THAT DOCUMENT IS A DRAFT AND NOT IN FORCE: consultation closed 31 January 2025 and it has not been finalised (SRC-EMA-OLIGO-2024, and this register's own source row says so). An earlier version of this note called it in-force, which was wrong and is corrected - a draft anchors nothing, and treating one as a requirement is the opposite of the caution this column exists to enforce (Q-070). So no regulator has specified an enzymatic ligation step, and this row must not read as though one had. The duty survives the decline, which is why this row is anchored at all: EMA oligo s4.2.2 continues, verbatim, 'Irrespective of the manufacturing strategy, the dossier should describe relevant process characteristics and equipment in adequate detail.' SATISFIED, and the history is the cautionary part - this information requirement was recorded as an unfilled gap while the evidence sat inside a source marked full-text-read. The scale that travels with it is 96-well screening and bench-to-1 L on fully modified blockmers."
IN-013,The grade of water used at this step,utilities,SRC-ICH-Q7,s4.31 and s4.34,direct,not_knowable,,UT-WFI;U01-LIG,quality,inference,Q-037;Q-001,"DIRECT ANCHOR: ICH Q7 speaks to water grade explicitly, making potable water the floor at s4.31 'unless otherwise justified', then escalating at s4.34 for a non-sterile API intended for a sterile product - water in the final isolation and purification steps must be 'monitored and controlled for total microbial counts, objectionable organisms, and endotoxins'. Note it escalates to MONITORING AND CONTROL and names no grade. NOT KNOWABLE, because three documents point three ways - two in force and ONE A DRAFT, which is itself part of the answer: the EU oligonucleotide guideline has not been finalised (SRC-EMA-OLIGO-2024, Q-070), so the reading that most favours water for injections is also the least binding of the three and the deciding fact is not a utilities fact at all: the EU oligonucleotide guideline calls for water for injections for a parenteral product, but that sentence sits inside a section titled 'Active Substance in Solution' and OUR drug substance is a spray-dried powder - while the EU water guidance explicitly permits purified water for an active substance not in solution, shifting the burden onto endotoxin and microbiological specifications instead. So the answer turns on product form (Q-001) and on limits that do not exist (Q-037). Reported, not resolved. For THIS vessel the reading is the least contested in the train: purified water on every one of the three readings, because s4.34's 'final isolation and purification steps' does not reach a reaction step."
IN-014,Hold-time limits on the aqueous intermediates around this step,contamination_control,SRC-EMA-STERILISATION-2019,s4.1.5,direct,not_knowable,,I-005;I-012;UT-CHILL;BUF-LIG,quality,inference,Q-043,"DIRECT ANCHOR, and it is a DEFAULT rather than data: s4.1.5 sets an expectation that filtration times longer than 24 hours be justified, which tells you when you must supply evidence and supplies none itself. NOT KNOWABLE: no published hold-time study exists for any oligonucleotide process, and none for a ligation buffer at 2-8 C. The ambient guidance that exists is on mammalian cell culture and is hedged, so it is not transferred here as a band. THE COLD ENDPOINT STAYS BLANK RATHER THAN BEING EXTRAPOLATED FROM THE AMBIENT ONE, and one finding sharpens what the decision actually is: 2-8 C is not a no-growth condition. Cardinal minimum growth temperatures are 4 C for Bacillus cereus, Bacillus subtilis and Pseudomonas aeruginosa and 7 C for Escherichia coli and Staphylococcus aureus, so at 2-4 C nothing in that panel grows while at 8 C most of it does. The real question is therefore whether the setpoint is below 4 C, not whether there is a chilled hold. And the verifying test cannot gate the decision in any case - compendial incubation is 3-7 days against a unit operation of under a day - so any limit must be prospective (R-009, R-020)."
IN-015,Bioburden and endotoxin expectations applying at this step,contamination_control,SRC-PHEUR-5-1-4,chapter 5.1.4,direct,not_knowable,,I-012;I-017;IMP-ENDOTOXIN;IMP-PARTIC,quality,inference,Q-037,"DIRECT ANCHOR but the wrong end of the range, which is the trap this row records. The compendial ceiling for a non-sterile substance is 2000 TAMC and 200 TYMC CFU per g or mL; the oligonucleotide literature and the regulator both operate three to four orders BELOW that, at 0.1 to 1 CFU/mL, so quoting the compendial number as the oligonucleotide limit quotes the floor as though it were the target and sizes nothing. NOT KNOWABLE for the drug substance: the limits for an approved siRNA demonstrably EXIST - an EPAR names both tests in the active-substance specification, and on stability - but the numbers are commercially confidential rather than absent, which is a different kind of gap and maps onto the register's 'redacted' access value (Q-037). The endotoxin limit cannot be derived either, because the dose-based calculation needs a dose nobody has published for this molecule. AN UNREGISTERED COST FALLS OUT OF THE bioburden rule: a 0.1 CFU/mL limit demands a 100 mL sample, which at P-CONC-LIG removes about 1.5 g of product and is a real aseptic open operation."
IN-016,Parameters expressed in a form that survives a change of scale,process_description,SRC-ICH-Q11,section 4,direct,not_knowable,,P-CONC-LIG;P-LIG-ANNEAL-HOLD;CPL-006;U01-LIG,process,inference,Q-068;Q-049,"DIRECT ANCHOR, quotable and UNCONDITIONAL - and it is re-anchored as of 2026-09-25, because the clause this row first cited does not bind us. ICH Q11 section 4 states, verbatim: 'Scaling factors should be included for manufacturing steps intended to span multiple operational scales when the process step is scale dependent.' Ours are scale dependent, so the requirement reaches us directly. WHAT WAS WRONG BEFORE: this row cited ICH Q8(R2) s2.4.4, whose shear-rate sentence is the more vivid illustration - 'if a product was determined to be shear sensitive in a mixing operation, the design space could include shear rate, rather than agitation rate' - but that section is titled 'Relationship of Design Space to Scale and Equipment' and its obligations are conditioned on describing a design space. This register expressly claims no design space, so measuring itself against that clause was self-flagellation against a rule that does not apply. The substance of the finding survives the re-anchoring unchanged, which is why the row stays not_knowable: nearly every parameter here is scale-DEPENDENT, and two failures are already visible - a 15 minute anneal that becomes of order 150 minutes at 1000 L purely from the cube-root area law (CPL-006), and a turndown justified for a whole slice by a shear claim whose sign was backwards. THE CAPABILITY EXISTS AND IS USED ONCE: the evaporator's turndown floor is a minimum wetting rate in kg per metre per second (ENV-017), an intensive quantity that survives a change of scale. So this is a gap in coverage, not in method (Q-068)."
IN-017,How the reaction is terminated,process_description,SRC-ICH-Q11,section 4,generic_anchor,not_knowable,,C-014;P-LIG-INACT-T;ENV-005;CPL-005;R-022,process,inference,Q-059;Q-030,"GENERIC ANCHOR. The CATEGORY of information is demanded by a clause that can be quoted; the ENZYME-SPECIFIC instantiation below it is this project's inference. The measure of the gap is blunt: 'enzym' and 'biocatal' each return ZERO hits across the whole of ICH Q11 (30 pages) and ICH Q7 (49 pages), and the only oligonucleotide-specific guideline of any status expressly declines the route - EMA oligo s4.2.2, verbatim, 'alternative synthesis methods (e.g., liquid synthesis, enzymatic synthesis) could be used. However, at the time the guideline was written these methods were considered too premature to be included.' THAT DOCUMENT IS A DRAFT AND NOT IN FORCE: consultation closed 31 January 2025 and it has not been finalised (SRC-EMA-OLIGO-2024, and this register's own source row says so). An earlier version of this note called it in-force, which was wrong and is corrected - a draft anchors nothing, and treating one as a requirement is the opposite of the caution this column exists to enforce (Q-070). So no regulator has specified an enzymatic ligation step, and this row must not read as though one had. RE-ANCHORED 2026-09-25, and the re-anchoring weakens the anchor honestly. This row cited ICH Q7 s18.33, which requires critical operating parameters to be monitored - temperature, pH, agitation, gases, pressure - and says nothing whatever about terminating a reaction, so it did not demand this information even at category level. The honest anchor is ICH Q11 section 4, which requires the process description to indicate 'the in-process controls for each step or stage of the process': a termination is a step, so its conditions belong in the description. NO CLAUSE IN ANYTHING READ DEMANDS A REACTION TERMINATION SPECIFICALLY, and that absence is recorded rather than papered over with a clause that does not say it. NOT KNOWABLE, AND THE EVIDENCE CONTRADICTS ITSELF INSIDE ONE DOCUMENT - which is why this is registered as a gap and not resolved by preferring one example. SRC-CN119265174 heat-kills an immobilised enzyme at 80 C for 5 min in Example 7 and both arms at 85 C for 15 min in Example 12, yet removes the immobilised enzyme centrifugally with no thermal step in Examples 3, 5, 6 and 8 - one of which is immobilised AND batch AND unheated, refuting both the soluble-versus-immobilised and the batch-versus-flow readings of when a hold is needed. Every documented process termination runs at 80-95 C, above the whole measured duplex melting band, so choosing one is choosing R-021 (CPL-005). Two candidate conditions in the literature are ANALYTICAL sample quenches and must not be read as process steps. The direction the sources point, undemonstrated here, is to chelate first."
IN-018,"The annealing condition that precedes every ligation, and the duty it implies",process_parameter,SRC-EMA-OLIGO-2024,s4.2.2,generic_anchor,point_justified,"The condition is a determinate charge-and-ramp rather than a variable to be bracketed, and it is stated verbatim in the demonstrated route: blockmers at twice final concentration annealed 'for 15 min at 65 C', then cooled to room temperature and held on ice. Both figures are carried as facts with a source (P-LIG-ANNEAL-T, P-LIG-ANNEAL-HOLD) and no range is claimed, because nothing in the record varies them. What is NOT claimed as a point is the DUTY at any other scale, which is a separate row of this checklist (IN-016) and an open question (Q-065).",P-LIG-ANNEAL-T;P-LIG-ANNEAL-HOLD;UT-HOTW;CPL-006,process,fact,Q-065;Q-001,"GENERIC ANCHOR. The CATEGORY of information is demanded by a clause that can be quoted; the ENZYME-SPECIFIC instantiation below it is this project's inference. The measure of the gap is blunt: 'enzym' and 'biocatal' each return ZERO hits across the whole of ICH Q11 (30 pages) and ICH Q7 (49 pages), and the only oligonucleotide-specific guideline of any status expressly declines the route - EMA oligo s4.2.2, verbatim, 'alternative synthesis methods (e.g., liquid synthesis, enzymatic synthesis) could be used. However, at the time the guideline was written these methods were considered too premature to be included.' THAT DOCUMENT IS A DRAFT AND NOT IN FORCE: consultation closed 31 January 2025 and it has not been finalised (SRC-EMA-OLIGO-2024, and this register's own source row says so). An earlier version of this note called it in-force, which was wrong and is corrected - a draft anchors nothing, and treating one as a requirement is the opposite of the caution this column exists to enforce (Q-070). So no regulator has specified an enzymatic ligation step, and this row must not read as though one had. SATISFIED AS A CONDITION AND UNSATISFIED AS A DUTY, which is why it is worth one row rather than two. A double-stranded-RNA ligase needs a duplex nick, so the anneal is not optional and the duplex is co-assembled rather than built as free strands annealed at the end (Q-001). Registering it exposed a gap nobody had noticed: NO UTILITY IN THIS CONCEPT HEATS A REACTOR JACKET - UT-STEAM is evaporator duty plus SIP and UT-CHILL is cooling - so a mandatory, sourced, quantified duty had nothing behind it (UT-HOTW, Q-065). The duty is also the largest thermal load at this step by roughly three orders of magnitude over the reaction enthalpy, so it sizes the jacket on its own."
