risk_id,risk,category,severity,likelihood,unit_op,mitigation,source_key,notes
R-001,Block-internal n-1 cannot be removed by any filtration mode; final full-length purity is floored at the product of block full-length fractions.,purity,high,high,Filtration,"Control at creation: high block full-length purity + high ligation conversion. Block-stage IEX/RP polishing (at supplier, on short blocks where 1 nt is easier to resolve). Accept a single final strand polish only if DS spec exceeds the achievable floor.",SRC-ZYDNEY-2024,"Core of finding 1. Confirmed by A, B, C+D."
R-002,"Immobilised-ligase clearance by filtration is unproven at scale; if it fails, enzyme removal reverts to chromatography (affinity/IEX), breaking the filtration-led thesis.",process,high,medium,Ligation,Develop and qualify immobilised or solid-phase ligase with measured residual-protein clearance; keep a chromatographic enzyme-removal fallback in the concept.,SRC-CODEXIS,"No public ppm/log clearance data (Q-032, now restated as NOT PUBLICLY AVAILABLE rather than 'not yet found'). Immobilisation holds conversion (>92%, SRC-CN119265174) but the CN patent still heat-kills and runs an ion column, so it does not by itself deliver a chromatography-free train."
R-003,Duplex may dissociate or degrade during atomisation/drying if particle temperature approaches the melting temperature.,product,high,medium,Spray drying,"Keep the powder below its MOISTURE-SHIFTED glass transition (measured 38-53 C at 3.8-4.6% residual moisture), which binds BEFORE the duplex melting temperature (58-64 C); drive residual moisture down to raise Tg. Keep outlet below Tm as the looser limit. Trehalose amorphous glass; N2 low-oxygen drying. Fallback: dry single strands separately and anneal downstream.",SRC-KEIL-2021,"REFOCUSED on temperature and the glass transition (F-003). Tg (38-53 C, SRC-KEIL-2021, Q-039) binds first; measured duplex Tm is 58-64 C (SRC-MALEK-2019, Q-030), the looser limit. Atomisation SHEAR is retired as a governing risk: naked siRNA kept >80% integrity and full activity through atomisation, while plasmid DNA did not (SRC-NAKED-NA-2023). Post-drying margin binds on storage as well as drying."
R-004,Thermal degradation of product in the evaporator from residence-time x temperature.,product,medium,medium,Evaporation,"Short-residence type (falling/wiped/thin film, residence seconds) under vacuum to hold temperature low. At small batch the minimum wetting rate forces recirculation (R-013), so control CUMULATIVE passes x temperature, not a single pass. Avoid forced circulation.",SRC-FFE-WIKI,"Correlations are food/fine-chemical; transferability caveat. Restated in terms of cumulative passes: below the minimum wetting rate the film breaks up, so a small batch must recirculate and multiply thermal exposure (SRC-HUGHES-2024, R-013)."
R-005,Non-volatile buffer salts (Tris/Mg/NaCl) concentrate through evaporation into the powder unless the final diafiltration exchanges into a spray-dry-compatible matrix.,formulation,high,high,UF/DF,Final DF into excipient + minimal/volatile salt matrix (BUF-FINAL) before evaporation/drying.,SRC-KEIL-2021,Hard constraint identified in audit.
R-006,Splint removal would be infeasible by filtration if a foreign same-chemistry splint were used.,purity,medium,low,Ligation,"Use the complementary product strand as the splint (siRNA sticky-end route); avoid a sacrificial foreign splint. If unavoidable, DNase digestion (adds a protein impurity to clear).",SRC-HONGENE,Largely designed out for siRNA.
R-007,Endotoxin clearance by membrane adsorber is unproven for a polyanionic oligonucleotide feed (product competes for charged sites).,microbial,medium,medium,Filtration,"Low-bioburden operation, endotoxin-controlled reagents/water, hold-time limits; qualify positively-charged/guanidinium adsorbers experimentally.",SRC-PMC12226154,"Top endotoxin gap. The adsorber-alone case is now tested against a competing polyanion and fell two orders short: 641 EU/mg with membrane adsorbers alone, reaching spec only with an orthogonal NaOH step at 29% recovery (SRC-DEVRIES-2018). The registered buffer-matrix study (SRC-PMC12226154) had nothing competing for the ligand - precisely the condition that will not hold for our polyanionic stream. See Q-037."
R-008,"Spray dryer and evaporator are hard to clean (wall deposits, cyclone product); CIP/SIP validation for low-bioburden operation is demanding.",microbial,medium,medium,Cleaning,"Design CIP/SIP with the vendor and set worst-case soils on the evaporator and dryer within the contamination-control strategy (microbial page); cleaning validation is judged against a health-based exposure limit (R-015, P-HBEL-DS, Q-047), which does not yet exist. Consider single-use contact where feasible.",SRC-WHO-TRS1044,"Tier-2 CCS scope. The evaporator and dryer are the hardest-to-clean, shared items; their cleaning validation needs an HBEL that is absent from every register (R-015, Q-047). ATTRIBUTION CORRECTED 2026-09-25: this row previously cited SRC-OPRD-2025, whose own register entry is access=record-only and says in terms 'Attribute nothing to this row' - the full text was never retrieved, so nothing here could have come from it. Re-anchored to SRC-WHO-TRS1044, which names cleaning validation and a cleaning-verification protocol among the technology-transfer deliverables. The specific claim that these two items are the hardest to clean is OURS, from their geometry (wall deposits, cyclone product recovery), and is an inference rather than a cited finding."
R-009,Aqueous intermediates with growth-promoting buffers support microbial growth during holds.,microbial,medium,medium,All,"Refrigerated storage, limited hold times, bioburden-reduction filtration into sanitised vessels for extended holds; bioburden/endotoxin monitoring.",SRC-PMC7415879,"ATTRIBUTION AND NUMBERS BOTH CORRECTED 2026-09-25. This row previously cited SRC-OPRD-2025 - access record-only, its own entry saying 'Attribute nothing to this row' - and asserted that bioburden 'tightens 100 -> 10 CFU/10 mL toward DS', a figure traceable to nothing. Re-anchored and re-stated. The oligonucleotide-specific expectations are less than 1 CFU/mL during drug-substance manufacture and no more than 1 CFU/10 mL before sterile filtration (SRC-PMC7415879 - an antisense SINGLE STRAND, not a duplex), and the regulator's pre-sterile-filtration expectation is no more than 10 CFU/100 mL of total aerobic microbial count, taken 'in a bulk sample of 100 ml in order to ensure the sensitivity of the method' (SRC-EMA-STERILISATION-2019). THOSE LAST TWO ARE THE SAME NUMBER, 0.1 CFU/mL, verified by arithmetic - the difference is test-volume convenience, not a tightening - so the operative bracket is narrow, 0.1 to 1 CFU/mL. The compendial ceiling of 2000 TAMC and 200 TYMC CFU/g or mL (SRC-PHEUR-5-1-4) sits three to four orders ABOVE that and sizes nothing in this process; quoting it as the oligonucleotide limit quotes the wrong end of the range. AN UNREGISTERED COST FALLS OUT OF IT: a 0.1 CFU/mL limit demands a 100 mL withdrawn sample, which at P-CONC-LIG removes about 1.5 g of product per sample and is a real aseptic open operation - neither the volume nor the loss is carried on I-005 or I-012. And the test cannot gate the step in any case: Ph. Eur. 2.6.12 incubation is 3-5 days for TAMC and 5-7 for TYMC, five to ten times longer than the whole unit operation, so the microbial strategy here must be preventive and pre-justified rather than test-based (Q-043, R-020, R-012)."
R-010,Adenylylated dead-end (AppN) species (~329 Da difference) cannot be removed by filtration.,purity,medium,medium,Ligation,"Enzyme/ATP selection to suppress AppN (e.g., dsRNA ligases, controlled ATP); control at reaction, not downstream.",SRC-ALMAC-2023,"Observed in EXACTLY this chemistry: an adenylylated dead-end by-product '2.3_2.4[+AMP]' in fully modified siRNA blockmer ligation (SRC-ALMAC-2023, Table 1). The authors' mitigation was to change the disconnection and reaction staging so it does not form, not to remove it downstream - the control philosophy this risk asserts. Same separation limit as n-1. ATP tension: suppressing it wants <100 uM ATP against >=4 mM required for the assembly (Q-040)."
R-011,Membrane area and yield are sized on protein and plasmid-DNA surrogate flux from a weak secondary source; no oligonucleotide-specific flux or recovery figure exists.,process,medium,high,Filtration,"Measure flux, fouling and recovery on the real stream at bench and pilot scale before fixing membrane area; treat all current LMH figures as placeholders.",SRC-BPT-TFF,See Q-036. The previously cited ~80% RNA recovery figure does not exist in the cited source.
R-012,Microbial and endotoxin limits in this knowledge base are carried over from mammalian cell-culture practice and are unverified for an oligonucleotide drug substance.,microbial,low,low,All,Obtain the oligonucleotide-specific microbiological control paper and replace the ladder; until then do not use these numbers as specifications.,SRC-BPI-HOLDTIME-2025,"CLOSED (F-006). Every figure on the old microbial ladder was located verbatim in a mammalian cell-culture article, hedged there as typical practice (SRC-BPI-HOLDTIME-2025). The ladder has been removed; the oligonucleotide-specific bioburden figure (<1 CFU/mL, SRC-PMC7415879) and a dose-derived endotoxin limit replace it. See Q-037."
R-013,"Falling-film minimum wetting rate makes the evaporator turndown-limited: a small batch cannot run single-pass and must recirculate, multiplying cumulative thermal exposure.",process,medium,high,Evaporation,"Size the evaporator on minimum wetting rate (0.10-0.22 kg/m/s for water, ~57-65 kg/h for one 48 mm tube); at small batch expect recirculation and control cumulative passes (R-004). A rotary evaporator is not a scale-down model of a falling film.",SRC-HUGHES-2024,"Below the minimum wetting rate the film breaks into rivulets and dry patches foul - a heat-transfer failure, not a throughput inconvenience (SRC-HUGHES-2024, reporting SRC-MORISON-2006). Values are for water on steel, NOT a polyelectrolyte solution; transfer is plausible but unproven. Perimeter/feed arithmetic is ours (INFERENCE). See Q-018, R-004."
R-014,Magnesium and calcium bind the polyanion and can block impurity passage in diafiltration; the ligation buffer contains magnesium chloride.,process,medium,high,UF/DF,Exchange divalent cations out early; verify that cationic and divalent impurities actually clear the membrane on the real stream rather than assuming they diafilter like monovalent salts.,SRC-GRONKE-2023,"A polyanion will not diafilter out cationic impurities 'even for common divalent cations such as calcium or magnesium' (SRC-GRONKE-2023, single-strand antisense - the mechanism transfers). BUF-LIG carries MgCl2. See Q-020, Q-036."
R-015,No health-based exposure limit (HBEL) exists anywhere in the registers for cleaning validation of shared filtration and drying equipment.,quality,medium,high,Cleaning,"Derive an HBEL (PDE then MACO) for a potent, highly water-soluble polyanion and write a cleaning-validation master plan against worst-case soils on the evaporator and dryer (the hardest-to-clean items); the derivation method is on the microbial page and the value is registered as a gap (P-HBEL-DS, Q-047).",SRC-WHO-TRS1044,"A cleaning-validation master plan with health-based exposure limits is a named technology-transfer deliverable (SRC-WHO-TRS1044) and is absent here. The HBEL value is BLOCKED on toxicology data that does not exist publicly (P-HBEL-DS), not on annual demand. Compounds R-008 (hard-to-clean evaporator/dryer). See Q-047, Q-043."
R-016,"Dust explosion on the spray dryer, cyclone and powder receiver handling a dried organic drug substance.",process,high,medium,Spray drying,"Apply the current combustible-dust standard (NFPA 660-2025, which consolidated NFPA 654) with explosion protection (NFPA 68/69). The explosion parameters of the actual powder (Kst, MIE, MEC) are a TESTING deliverable, not a literature lookup.",SRC-STANDARDS-CURRENT,A spray-dried powder brings the combustible-dust standard into scope (SRC-STANDARDS-CURRENT). Not previously registered. See the facility page.
R-017,"Published ligation routes feed cell-free extract, so the protein burden entering purification is a whole proteome plus endotoxin, not a single ligase.",microbial,medium,medium,Ligation,"Prefer purified or immobilised enzyme over cell-free extract; if extract is used, size protein and endotoxin clearance against a whole-proteome load, not one enzyme.",SRC-ALMAC-2023,"The demonstrated modified-siRNA route uses an RNA-ligase/PNK cell-free extract at 1 mg/mL (SRC-ALMAC-2023, SI). That raises the clearance burden behind R-002 and R-007 well above a single ligase. See Q-032."
R-018,A block route that omits capping converts coupling failures into block-internal deletions (n-1) rather than truncations - the class filtration cannot remove.,purity,medium,medium,Ligation,"Preserve capping at the block stage where possible, or control block full-length purity tightly, since internal deletions propagate to the product and cannot be cleared downstream (R-001).",SRC-IQ-SUSTAIN-2021,"Capping in solid-phase synthesis converts coupling failures into truncated sequences and minimises n-1 (SRC-IQ-SUSTAIN-2021). A liquid-phase block route that drops it converts the same failures into block-internal n-1 - the harder class (INFERENCE, ours). Core of R-001. See Q-011."
R-019,No demonstrated chromatography-free ligation drug-substance train exists in the public record; both named commercial routes end in HPLC purification of the siRNA itself.,process,high,high,Filtration,Treat the filtration-only final step as unproven and stage a per-strand chromatographic polish as the retained fallback; demonstrate the chromatography-free step at pilot before committing.,SRC-HONGENE-BROCHURE-2025,"Both named routes are HPLC-purified at the siRNA level: 'P-to-P = HPLC purified fragments and purified siRNA; C-to-P = UF/DF processed fragments and HPLC purified siRNA' on ~960 g and ~1020 g GMP batches (SRC-HONGENE-BROCHURE-2025). Filtration replaces FRAGMENT chromatography, not final-product chromatography. The site is ahead of demonstrated practice at the final-purification step; this is not an argument to change the process. See the filtration finding S7."
R-020,"The 'oligonucleotides are intrinsically low-bioburden' argument does not apply: it assumes solvent synthesis and a single aqueous step, and this fully aqueous enzymatic route with an enzyme and buffer in the stream has neither.",microbial,medium,high,All,"Build the contamination-control strategy from this process's own risk (aqueous throughout, enzyme + growth-promoting buffer, holds), not inherited from the modality; set bioburden and endotoxin specifications on the drug substance.",SRC-PMC7415879,"The published low-bioburden rationale has exactly two premises - solvent synthesis, only the last step aqueous - and neither holds here (SRC-PMC7415879). Reason a CCS is needed rather than assumed. See Q-037, Q-043, R-009."
R-021,"Every documented thermal inactivation of the ligase runs at 80-95 C, above any plausible duplex melting band, and the irreversible hazard is Mg2+-assisted hydrolysis and depurination DURING the hold - so the step trades an enzyme-clearance gap for a product-integrity risk in both enzyme branches, not just the soluble one.",product,high,medium,Filtration,"Chelate first and heat only if you must: EDTA stops the reaction, strips the cofactor so the enzyme cannot resume on cooling, and removes the hydrolysis catalyst - and the resulting Mg-EDTA complex is net negative, so it diafilters where free Mg2+ does not (R-014). Failing that, measure the duplex Tm for OUR sequence (Q-030) and demonstrate duplex survival of the specific hold; or inactivate before annealing while the material is single-stranded, which is what the demonstrated route does for the KINASE at 75 C (Q-001); or avoid the thermal step entirely, which SRC-CN119265174 Examples 3, 5, 6 and 8 show is possible for an immobilised enzyme removed centrifugally - but is NOT guaranteed by choosing immobilisation (Q-059).",SRC-CN119265174,"MECHANISM CORRECTED 2026-09-25, and the correction changes where the mitigation points. This row previously read the hazard as EXCEEDING THE MELTING TEMPERATURE. That is wrong: melting is REVERSIBLE - standard siRNA annealing protocols heat to 90 C routinely - so a Tm comparison sends the mitigation to the wrong measurement and understates the real damage. The irreversible hazard is thermal and Mg2+-assisted phosphodiester hydrolysis plus depurination sustained THROUGH the hold, and both cited holds run with the divalent cation still present - 10 mM MgCl2 in the demonstrated buffer (BUF-LIG) and 40 mM at pH 7.2 in SRC-WO2025262452. Stating it as a melting risk is what made chelation-first invisible as a mitigation. TEMPERATURE RANGE WIDENED AND RE-SOURCED: not one condition at 85 C but a documented 80-95 C across four independent documents - 80 C/5 min and 85 C/15 min (SRC-CN119265174), 95 C/5 min and 95 C/10 min (SRC-USPTO-10640812), 95 C/20 min (SRC-WO2025262452). See P-LIG-INACT-T. The measured duplex Tm band is 58.1-64.1 C for a 21-mer with only THREE modified positions, not our fully modified duplex (SRC-MALEK-2019, P-DS-TM, Q-030), so the whole documented band sits above the whole measured band. CROSS-REFERENCE CORRECTED: this risk is now tied to C-012 as well as C-011, because SRC-CN119265174 Example 12 runs BOTH the immobilised and the soluble enzyme through 85 C/15 min, and Example 12 is the only example in that patent that measures product purity and endotoxin at all. The honest statement is therefore narrow: the immobilised branch CAN run without the hold, but the only immobilised run ever assessed for product quality WAS heat-killed. One further scoping correction: this row's single-stranded escape route is unavailable for the LIGASE, because for an siRNA the splint is the complementary product strand and the product is duplex from the first ligation onward. It is available for the KINASE, which is exactly what the demonstrated route exploits at 75 C on 5'-OH single strands before annealing. Q-001 and this row are both right, about different enzymes at different points. Whether the risk is live at all still depends on Q-050 and Q-059."
R-022,"The ligation has no defined termination: no quench, chelation or inactivation step is registered anywhere, so the enzyme is still active in the pool between the conversion-endpoint decision and clarification - and on the immobilised branch a carrier left in contact keeps reacting.",process,medium,high,Ligation,"Define a termination and register it as a control with an acceptance basis: chelation with EDTA is the condition the sources point at, and it is the only option that does not require a temperature above the duplex melting band. Until one is chosen, treat the conversion IPC as an open-loop measurement whose result has already moved by the time it is read, and bound the exposure from the reaction's own rate.",SRC-ALMAC-2023,"REGISTERED 2026-09-25 from a search that returned nothing: 'quench', 'inactivat', 'EDTA', 'chelat' and 'proteinase' return ZERO hits across every non-sources CSV in this repository. The reaction therefore has a start and an endpoint and no stop. WHY IT IS LIKELY RATHER THAN THEORETICAL, with the arithmetic: the demonstrated conversion moves about 0.70 percentage points per hour in its final two hours (SRC-USPTO-10640812 Example 13, Table 22 - 88.10 percent at 14 h to 89.50 percent at 16 h), so a 30-60 minute sample turnaround costs 0.35-0.70 points of unmeasured travel. That is tolerable for deciding whether conversion has stopped moving and it is NOT tolerable as a definition of the batch endpoint, because nothing stops the reaction at the moment the sample is drawn. TWO CANDIDATE TERMINATIONS IN THE SOURCES ARE ANALYTICAL AND MUST NOT BE READ AS PROCESS STEPS: the methanol quench is a sample quench for HPLC timepoints (SRC-ALMAC-2023, verbatim 'quenched by addition of 100 percent v/v methanol'), and the 95 C/20 min hold sits in an enzyme-loading titration feeding HPLC in 200 uL tubes (SRC-WO2025262452), so recording the latter as the route's termination overstates it - the same error class as the methanol. The genuine process terminations are the 80-95 C holds in P-LIG-INACT-T, which carry R-021, and centrifugal removal of the carrier with no thermal step at all (SRC-CN119265174 Examples 3, 5, 6, 8). Distinct from R-021: that risk is about the DAMAGE a thermal hold does, this one is about there being no step at all. See C-014, Q-059, Q-043."
